,subb,trial_latencies,num_of_blinks,blink_durations,avg_latency,avg_blinks_per_trial,avg_blink_duration
0,s25,"{1: array([ 268, 1408,  704,  234,  301,  268,  704]), 2: array([504, 504, 302, 336, 336, 470, 436]), 3: array([403., 134., 100.,  nan,  67., 235., 335.]), 4: array([403., 269.,  nan, 302., 201., 201., 168.]), 5: array([269, 269, 302, 269, 134, 302, 538]), 6: array([336, 235,  33, 134,  33, 268, 302]), 7: array([303., 235.,  nan, 235., 269., 370., 471.]), 8: array([ 269,  269,  235, 1244,  235,  638, 1076]), 9: array([336, 268, 235, 134, 436, 268, 302]), 10: array([301., 268.,  nan, 368., 100., 268., 301.])}","{1: 8, 2: 7, 3: 8, 4: 7, 5: 7, 6: 7, 7: 6, 8: 10, 9: 7, 10: 8}","{1: array([536, 402, 301, 301, 335, 268, 167, 134, 134,  67]), 2: array([672, 268, 302, 201, 201, 302, 302, 134, 134]), 3: array([604, 470, 403, 503, 268, 335, 268, 134,  67, 201]), 4: array([672, 437, 437, 302, 201, 269, 302, 201]), 5: array([740, 471, 370, 437, 336, 302, 336, 134, 134]), 6: array([705, 571, 369, 470, 504, 369, 403, 201, 235]), 7: array([673, 404, 370, 404, 336, 303, 370]), 8: array([571, 638, 504, 504, 235, 269, 302, 302, 168, 100, 235, 134]), 9: array([369, 302, 268, 336, 268, 235, 235, 268, 134]), 10: array([435, 502, 402, 368, 301, 335, 201, 301, 134, 167])}",306.6969696969697,7.4,320.97849462365593
1,s81,"{1: [], 2: array([395.,  nan,  nan,  nan,  nan,  nan,  nan]), 3: array([ nan,  nan,  nan, 395.,  nan, 625.,  nan]), 4: [], 5: [], 6: array([ nan,  nan, 200.,  nan, 367., 334., 434.]), 7: array([334.,  33., 267.,  nan, 267.,  33.,  nan]), 8: array([301.,  nan, 301., 334.,  nan,  nan, 434.]), 9: [], 10: array([469.,  nan,  nan,  nan,  nan,  nan, 335.])}","{1: [], 2: 0, 3: 2, 4: [], 5: [], 6: 4, 7: 4, 8: 3, 9: [], 10: 1}","{1: [], 2: array([98]), 3: array([230, 164]), 4: [], 5: [], 6: array([167, 133, 167,  66,  66]), 7: array([401, 200, 200, 133, 167,  66]), 8: array([133, 133, 100, 100]), 9: [], 10: array([167, 100])}",316.77777777777777,2.3333333333333335,138.0
2,s61,"{1: array([235, 235, 235, 269, 235, 269, 269]), 2: array([402, 268, 268, 268, 301, 268, 301]), 3: array([235, 235, 235, 235, 268, 302, 335]), 4: array([269, 302, 269, 235, 269, 302, 269]), 5: array([235, 268, 235, 235, 268, 302, 268]), 6: [], 7: [], 8: [], 9: [], 10: []}","{1: 6, 2: 6, 3: 6, 4: 6, 5: 6, 6: [], 7: [], 8: [], 9: [], 10: []}","{1: array([235, 201, 201, 168, 201, 201, 168]), 2: array([234, 201, 201, 167, 134, 201, 167]), 3: array([268, 268, 235, 201, 100, 201, 167]), 4: array([235, 235, 235, 168, 168, 235, 134]), 5: array([268, 201, 235, 168, 201, 201, 134]), 6: [], 7: [], 8: [], 9: [], 10: []}",264.6,6.0,196.37142857142857
3,s87,"{1: array([ nan,  nan,  nan,  nan,  nan, 501., 701.]), 2: array([nan, nan, nan, nan, nan, nan, nan]), 3: [], 4: array([ nan, 734.,  nan,  nan,  nan,  nan, 701.]), 5: [], 6: array([1134., 1635., 1034.,   nan, 1234., 1134., 1268.]), 7: array([1236.,   nan,   nan,   nan,   nan,   nan,   nan]), 8: array([1268.,  701.,   66.,   nan,   66.,   nan,   nan]), 9: array([ 770.,   nan,  569.,  100.,  837.,  938., 1038.]), 10: array([ 935.,  100., 1002.,  901.,   nan, 1302.,   nan])}","{1: 2, 2: 0, 3: [], 4: 2, 5: [], 6: 6, 7: 0, 8: 3, 9: 8, 10: 6}","{1: array([100,  66]), 2: array([], dtype=float64), 3: [], 4: array([100,  66]), 5: [], 6: array([901, 700, 467, 233, 267, 267,  66, 200,  66]), 7: array([701, 568, 434]), 8: array([434, 267, 200,  66, 233, 166, 133]), 9: array([569, 469, 670, 335, 402, 134, 100, 301, 201]), 10: array([634, 601, 634, 233, 233, 267, 200, 167])}",829.6923076923077,3.375,310.375
4,s86,"{1: array([335, 302, 436, 369, 369, 302, 302]), 2: array([206, 103, 137, 103, 309, 240, 240]), 3: array([536, 402, 469, 368, 234, 301, 335]), 4: array([403, 369, 302, 369, 302, 336, 403]), 5: array([403, 336, 370, 302, 437, 302, 403]), 6: array([ nan,  nan, 403.,  nan,  nan,  nan, 537.]), 7: array([302.,  nan, 235., 403., 302., 470., 369.]), 8: array([ nan,  nan,  nan, 536., 436., 369., 503.]), 9: array([403, 403, 369, 470, 403, 369, 336]), 10: array([571.,  nan, 336., 369., 369.,  nan, 336.])}","{1: 6, 2: 6, 3: 6, 4: 6, 5: 6, 6: 2, 7: 5, 8: 4, 9: 6, 10: 4}","{1: array([302, 234, 268, 134, 134, 201,  67]), 2: array([412, 343, 377, 343, 274, 137, 171]), 3: array([301, 301, 134, 100, 201,  67,  67]), 4: array([302, 235, 269, 235, 168, 201, 134, 100]), 5: array([336, 302, 201, 201, 269, 201, 201]), 6: array([100,  67]), 7: array([302, 302, 134, 167, 167, 100]), 8: array([167, 134, 134, 100]), 9: array([268, 201, 168, 168, 201, 134, 134]), 10: array([235, 201, 168, 201,  67])}",357.50847457627117,5.3,196.78333333333333
5,s58,"{1: array([531.,  nan, 398., 398., 464., 365., 564.]), 2: array([300., 400.,  nan, 367., 434., 567., 434.]), 3: array([532, 365, 399, 465, 465, 432, 332]), 4: array([612., 408.,  nan, 544., 306., 510., 476.]), 5: array([432, 399, 532, 365, 432, 399, 399]), 6: array([ nan,  nan,  nan, 608.,  nan,  nan,  nan]), 7: array([ nan, 566.,  nan,  nan,  nan,  nan,  nan]), 8: array([nan, nan, nan, nan, nan, nan, nan]), 9: [], 10: []}","{1: 5, 2: 5, 3: 6, 4: 5, 5: 6, 6: 1, 7: 1, 8: 0, 9: [], 10: []}","{1: array([232, 166, 166,  66, 132,  66]), 2: array([434, 367, 233, 300, 300, 133]), 3: array([266, 199, 199, 199, 166, 199, 133]), 4: array([272, 170, 204, 136, 136, 136]), 5: array([465, 332, 199, 133, 232, 199, 133,  66]), 6: array([135]), 7: array([299]), 8: array([], dtype=float64), 9: [], 10: []}",449.05882352941177,3.625,203.74285714285713
6,s53,"{1: array([401, 368, 401, 602, 568, 401, 568]), 2: array([469, 435, 335, 268, 268, 368, 368]), 3: array([368, 301, 301, 335, 301, 335, 335]), 4: array([635., 334., 301.,  nan, 468., 569., 468.]), 5: array([468, 334, 401, 368, 301, 368, 301]), 6: array([402, 268, 268, 268, 301, 402, 335]), 7: array([368, 301, 267, 267, 267, 267, 267]), 8: array([301, 234, 268, 268, 301, 335, 335]), 9: array([338, 236, 202, 202, 236, 270, 304]), 10: array([702, 468, 367, 367, 300, 401, 401])}","{1: 6, 2: 6, 3: 6, 4: 6, 5: 6, 6: 6, 7: 6, 8: 6, 9: 6, 10: 6}","{1: array([200, 167, 167, 167, 167, 133, 167]), 2: array([335, 234, 268, 100, 201, 167, 134]), 3: array([234, 201, 201, 167, 201, 201, 134]), 4: array([502, 200, 167, 133, 167, 133, 133]), 5: array([267, 167, 200, 167, 167, 167, 100]), 6: array([167, 134, 167,  67, 134, 134, 134]), 7: array([234, 234, 167, 200, 167, 133, 167]), 8: array([335, 201, 167, 201, 167, 167, 167]), 9: array([202, 202, 169, 169, 169, 135, 101]), 10: array([234, 200, 167, 167, 133, 133, 100])}",346.2463768115942,6.0,174.3
7,s66,"{1: array([535, 334, 301, 401, 468, 401, 334]), 2: array([469, 402, 368, 435, 435, 368, 502]), 3: array([401, 367, 367, 334, 334, 367, 367]), 4: array([335, 302, 369, 402, 369, 369, 402]), 5: array([402, 368, 368, 436, 503, 503, 469]), 6: array([369, 301, 268, 301, 301, 335, 301]), 7: array([334, 267, 334, 300, 334, 367, 300]), 8: array([368, 301, 301, 402, 402, 402, 402]), 9: array([334, 301, 334, 368, 334, 368, 401]), 10: array([369, 369, 402, 369, 402, 369, 335])}","{1: 6, 2: 6, 3: 7, 4: 6, 5: 6, 6: 6, 7: 6, 8: 6, 9: 6, 10: 6}","{1: array([167, 133, 133, 133, 133, 133,  66]), 2: array([569, 201, 134, 167, 134, 100, 100]), 3: array([167, 167, 167, 167, 133, 133,  66, 133]), 4: array([201, 134, 134, 134, 134, 134, 134]), 5: array([201, 167, 167, 134, 134, 134,  67]), 6: array([234, 201, 201, 167, 134, 167, 167]), 7: array([234, 200, 234, 133, 167, 167, 167]), 8: array([234, 167, 167, 134, 134, 134, 100]), 9: array([234, 200, 133, 100, 167, 133, 100]), 10: array([167, 134, 134, 134, 134, 100, 100])}",365.77142857142854,6.0,149.66197183098592
8,s73,"{1: array([634, 300, 334, 367, 400, 400, 367]), 2: array([333, 366, 333, 300, 300, 333, 366]), 3: array([469, 369, 302, 335, 234, 335, 369]), 4: array([466, 399, 299, 433, 433, 333, 366]), 5: array([334, 367, 367, 367, 334, 400, 334]), 6: array([467, 334, 434, 367, 367, 400, 400]), 7: array([468, 334, 334, 334, 334, 367, 401]), 8: array([572, 303, 269, 337, 337, 235, 438]), 9: array([334., 368., 368., 435.,  nan, 368., 334.]), 10: array([367, 333, 300, 434, 333, 367, 367])}","{1: 6, 2: 6, 3: 6, 4: 6, 5: 6, 6: 6, 7: 6, 8: 6, 9: 5, 10: 6}","{1: array([267, 233, 233, 200, 100, 133, 200, 100]), 2: array([266, 266, 200, 233, 233, 133, 133]), 3: array([268, 234, 268, 201, 234, 134, 201, 134]), 4: array([333, 266, 199, 199, 166, 166, 166,  99]), 5: array([334, 267, 233, 200, 200, 267, 233]), 6: array([400, 367, 367, 200, 267, 300, 334, 133]), 7: array([334, 301, 334, 301, 301, 200, 200]), 8: array([404, 370, 303, 235, 235, 235, 235]), 9: array([334, 301, 334, 200, 133, 267,  66]), 10: array([367, 267, 300, 267, 267, 300, 333])}",362.7971014492754,6.0,242.16216216216216
9,s75,"{1: array([300, 266, 366, 300, 333, 300, 333]), 2: [], 3: [], 4: [], 5: [], 6: array([333, 400, 333, 300, 266, 300, 366]), 7: array([267, 300, 400, 367, 333, 534, 300]), 8: array([299, 333, 266, 299, 299, 333, 299]), 9: array([267, 334, 334, 300, 367, 501, 334]), 10: array([334, 334, 367, 367, 367, 334, 401])}","{1: 6, 2: [], 3: [], 4: [], 5: [], 6: 6, 7: 6, 8: 6, 9: 6, 10: 6}","{1: array([233, 233, 233, 133, 133, 166, 100]), 2: [], 3: [], 4: [], 5: [], 6: array([266, 233, 200, 200, 200, 133, 100]), 7: array([267, 200, 233, 166, 166, 200, 233]), 8: array([233, 233, 233, 199, 199, 133, 166, 133]), 9: array([267, 200, 234, 200, 133, 200, 133]), 10: array([267, 234, 200, 200, 234, 200, 167])}",329.35714285714283,6.0,194.4418604651163
10,s71,"{1: array([301, 301, 301, 369, 335, 301, 436]), 2: array([301, 301, 301, 334, 301, 267, 368]), 3: array([334, 368, 301, 267, 267, 334, 368]), 4: array([302, 268, 335, 335, 335,  67, 335]), 5: array([334., 100.,  nan, 167.,  66., 301., 368.]), 6: array([702, 267, 301, 301, 334, 368, 301]), 7: array([302, 335, 268, 268, 167, 369, 403]), 8: array([301.,  nan, 335., 335., 335., 301., 335.]), 9: array([268, 335, 335, 368, 368, 335, 268]), 10: array([268, 201, 336, 403, 336, 369, 369])}","{1: 6, 2: 6, 3: 6, 4: 6, 5: 6, 6: 7, 7: 6, 8: 5, 9: 6, 10: 6}","{1: array([234, 234, 167, 167, 167, 167, 100]), 2: array([267, 200, 200, 167, 167, 167, 167]), 3: array([234, 234, 234, 200, 167, 100, 200]), 4: array([470, 235, 201, 201, 235, 201, 167]), 5: array([234, 200, 234, 167, 133, 133, 100]), 6: array([200, 167, 200, 167, 167, 200, 167, 167, 167]), 7: array([403, 235, 167, 167, 235, 134, 100]), 8: array([234, 201, 167, 201, 134, 100]), 9: array([201, 201, 167, 167, 100, 134, 134]), 10: array([201, 201, 201, 134, 168, 134, 134])}",317.97058823529414,6.0,182.59154929577466
11,s2,"{1: array([166.,  33.,  nan, 199.,  nan, 233.,  99.]), 2: array([299, 233, 266,  99, 399, 299, 332]), 3: array([ 233., 1432.,   nan,   66.,   nan,  133.,  233.]), 4: array([232, 133, 266, 232, 166, 133, 166]), 5: array([333., 133.,  nan, 166.,  66., 266., 266.]), 6: array([199,  66,  66, 266, 233, 233, 266]), 7: array([298., 232., 199.,  nan, 199., 265., 265.]), 8: array([233., 266., 299., 266., 299.,  nan, 233.]), 9: array([266,  66, 199, 233, 133, 233,  99]), 10: array([233., 233., 233.,  nan, 200., 333., 300.])}","{1: 6, 2: 7, 3: 5, 4: 6, 5: 6, 6: 6, 7: 6, 8: 6, 9: 6, 10: 6}","{1: array([499, 466, 466, 366, 233, 399, 266, 399]), 2: array([399, 266, 266, 299, 166, 233, 299, 299]), 3: array([632, 566, 566, 433, 499, 333, 333]), 4: array([499, 366, 432, 366, 332, 366, 366, 332]), 5: array([433, 466, 366, 299, 299, 299, 199, 166]), 6: array([466, 433, 499, 366, 299, 366, 366]), 7: array([531, 398, 365, 365, 265, 331, 331]), 8: array([633, 366, 366, 366, 166, 333, 333, 333,  99]), 9: array([499, 433, 466, 366, 333, 333, 299]), 10: array([466, 366, 233, 233, 266, 233, 166])}",215.3548387096774,6.0,359.7368421052632
12,s46,"{1: array([442.,  nan,  nan,  nan,  nan,  nan,  nan]), 2: [], 3: [], 4: [], 5: array([965.,  nan,  nan,  nan,  nan,  nan,  nan]), 6: [], 7: [], 8: [], 9: [], 10: []}","{1: 0, 2: [], 3: [], 4: [], 5: 0, 6: [], 7: [], 8: [], 9: [], 10: []}","{1: array([68]), 2: [], 3: [], 4: [], 5: array([133,  99]), 6: [], 7: [], 8: [], 9: [], 10: []}",703.5,0.0,100.0
13,s23,"{1: array([200, 234, 234,  66, 301, 267, 133]), 2: array([268., 268., 268., 100., 268., 302.,  nan]), 3: array([267, 267, 267, 200,  33, 300, 300]), 4: array([435., 301., 301., 301., 301., 301.,  nan]), 5: array([234., 268., 201., 268., 268.,  nan, 268.]), 6: array([267, 267, 133, 267, 267,  66, 267]), 7: array([169, 135, 237, 169, 271, 237, 271]), 8: array([302., 234., 469., 302., 268.,  nan, 369.]), 9: array([267, 301, 301, 334, 100, 267, 368]), 10: array([335, 268, 368, 268, 268, 301, 268])}","{1: 6, 2: 6, 3: 6, 4: 6, 5: 6, 6: 7, 7: 6, 8: 8, 9: 6, 10: 6}","{1: array([368, 334, 334, 301, 301, 267, 301, 200]), 2: array([335, 369, 335, 335, 335, 335, 335, 234]), 3: array([401, 334, 367, 334, 334, 300, 233]), 4: array([267, 234, 234, 167, 234, 234, 200, 133]), 5: array([301, 268, 234, 268, 201, 234, 134, 234]), 6: array([368, 301, 301, 301, 301, 234, 267, 133, 234]), 7: array([372, 372, 305, 338, 237, 203, 305]), 8: array([302, 268, 268, 201, 167, 201, 268, 167, 134, 134]), 9: array([401, 234, 234, 234, 167, 200, 200]), 10: array([402, 335, 301, 301, 234, 167, 268, 134])}",256.530303030303,6.2,268.45
14,s59,"{1: array([ 799.,   nan,   nan,   nan,   nan,   nan, 1032.]), 2: array([ 799.,  733.,   nan, 1366.,   nan,   nan,   nan]), 3: array([1033.,   nan,   nan,  333.,   nan,   nan,   nan]), 4: array([1065.,   nan,   nan,   nan,   nan,   nan,   nan]), 5: array([1068.,   nan,   nan,   nan,   nan,   nan,   nan]), 6: [], 7: array([1000.,   nan,   nan,   nan,   nan,  100.,  767.]), 8: array([732.,  nan,  nan,  nan, 699.,  nan,  nan]), 9: array([ nan,  nan,  nan,  nan,  nan, 732., 133.]), 10: array([1000.,  967.,   nan,  867.,   nan,   nan,   nan])}","{1: 1, 2: 2, 3: 1, 4: 0, 5: 0, 6: [], 7: 3, 8: 2, 9: 3, 10: 2}","{1: array([499, 466]), 2: array([433, 166, 199]), 3: array([300, 200]), 4: array([166]), 5: array([133]), 6: [], 7: array([433, 366, 133, 366]), 8: array([266, 166, 166, 166]), 9: array([266, 199,  99]), 10: array([300,  66, 133])}",787.3684210526316,1.5555555555555556,247.34782608695653
15,s39,"{1: array([368, 368, 435, 401, 435, 401, 435]), 2: array([301, 368, 402, 435, 469, 435, 502]), 3: array([301, 401, 334, 401, 368, 401, 334]), 4: array([434, 434, 467, 334, 434, 400, 467]), 5: array([401, 434, 401, 334, 367, 401, 300]), 6: array([333, 333, 333, 367, 333, 367, 333]), 7: array([400, 467, 467, 400, 333, 400, 367]), 8: array([300, 300, 300, 468, 468, 401, 367]), 9: array([434, 367, 367, 367, 333, 367, 434]), 10: array([401, 401, 435, 401, 401, 334, 334])}","{1: 6, 2: 6, 3: 6, 4: 6, 5: 6, 6: 6, 7: 6, 8: 6, 9: 6, 10: 6}","{1: array([267, 234, 234, 267, 200, 200, 200]), 2: array([268, 234, 234, 234, 167, 134, 167]), 3: array([267, 267, 234, 200, 234, 234, 133]), 4: array([267, 267, 233, 233, 233, 167, 200]), 5: array([300, 300, 267, 200, 234, 234, 167]), 6: array([300, 233, 233, 233, 200, 200, 166]), 7: array([233, 200, 200, 200, 133, 133, 166]), 8: array([267, 200, 234, 200, 200, 200, 133]), 9: array([267, 200, 233, 200, 166, 200, 166]), 10: array([267, 234, 234, 267, 234, 167, 133])}",389.6142857142857,6.0,217.71428571428572
16,s63,"{1: array([ 166.,  233.,   33., 1399.,   nan,   66., 1266.]), 2: array([  nan,  199., 1498.,   nan,   66., 1598.,   nan]), 3: array([1533.,   nan,   66.,   nan,   33.,  166.,  200.]), 4: array([1431.,   nan,  233.,  233.,   99.,   33., 1398.]), 5: array([ 266.,   33.,   nan, 1332., 1465.,   nan,   nan]), 6: array([100., 133.,  nan, 333., 333., 534., 434.]), 7: array([  33.,   nan,   nan, 1367.,   nan,   nan,   33.]), 8: array([1295.,   nan,   nan,   66., 1527.,   nan,   33.]), 9: array([  nan,   nan,   33., 1634.,   nan,   nan,   nan]), 10: array([nan, 66., nan, nan, nan, nan, 33.])}","{1: 7, 2: 6, 3: 6, 4: 6, 5: 6, 6: 5, 7: 2, 8: 4, 9: 3, 10: 3}","{1: array([166, 166, 166, 133, 133, 133, 133,  66]), 2: array([199, 166, 166,  99, 166,  99, 133,  99]), 3: array([200, 200, 166, 166, 166,  66, 166, 133]), 4: array([199, 199, 166, 166,  99, 133, 133,  99]), 5: array([166, 133, 166,  99,  99, 133, 133,  99]), 6: array([233, 200, 133, 200, 133,  66, 100]), 7: array([133, 133, 133]), 8: array([132,  99, 132,  66,  99,  99]), 9: array([133, 133,  66]), 10: array([133, 133, 133,  99,  66])}",541.2380952380952,4.8,138.359375
17,s19,"{1: array([300, 367, 400, 433, 600, 400, 534]), 2: array([366, 266, 366, 332, 565, 532, 399]), 3: array([366., 333., 399., 433., 399., 399.,  nan]), 4: array([ nan,  nan, 299., 166., 299., 432., 498.]), 5: array([ nan, 299.,  nan,  nan,  nan,  nan, 332.]), 6: array([398., 299.,  nan, 299., 498., 299.,  nan]), 7: array([432, 432, 365, 399, 365, 465, 432]), 8: array([465., 531., 465.,  nan,  nan, 598., 531.]), 9: array([432, 299, 399, 365, 399, 365, 365]), 10: array([432, 465, 365, 498, 398, 432, 465])}","{1: 6, 2: 6, 3: 5, 4: 5, 5: 2, 6: 4, 7: 6, 8: 4, 9: 6, 10: 6}","{1: array([500, 333, 200, 233, 166, 133, 133]), 2: array([299, 199, 232, 133, 199, 166,  66]), 3: array([266, 199,  99, 133, 133,  66]), 4: array([232, 199,  99, 199, 199]), 5: array([133,  99]), 6: array([199,  99, 166,  66,  66]), 7: array([266, 232, 199, 166, 133, 166, 133]), 8: array([199, 132, 166,  99, 132]), 9: array([199, 166, 166, 133,  99,  66,  66]), 10: array([232, 132, 199, 132, 132, 132,  66])}",404.44827586206895,5.2,156.68965517241378
18,s114,"{1: array([566.,  nan, 133.,  nan,  nan,  nan,  nan]), 2: array([565.,  nan,  nan,  nan,  nan,  nan,  nan]), 3: array([ 99.,  nan,  nan,  nan,  nan,  nan, 932.]), 4: array([ 533.,   nan,   nan,   nan, 1534.,   nan,   nan]), 5: array([499.,  nan,  nan,  nan, 199., 166.,  nan]), 6: array([ 133.,   nan,   33., 1499.,   nan,   nan,   nan]), 7: array([ 533,   33, 1434,  500,   33,   66,  366]), 8: array([465, 366, 332, 332, 698,  99, 366]), 9: array([ 499,  333,  799, 1199, 1433,  366,  233]), 10: array([  33., 1000.,  933.,   nan,  866., 1000.,  766.])}","{1: 2, 2: 0, 3: 1, 4: 1, 5: 2, 6: 3, 7: 10, 8: 6, 9: 8, 10: 7}","{1: array([633,  66, 366,  66, 266]), 2: array([233]), 3: array([632, 166, 199]), 4: array([266, 166, 166]), 5: array([366, 299, 233,  66]), 6: array([499, 399, 399, 266]), 7: array([733, 667, 733, 667, 233, 300, 533, 366, 333, 100, 166, 233, 200,
       200, 266]), 8: array([465, 232, 266, 232, 166, 199, 166]), 9: array([666, 566, 699, 599, 499, 566, 566, 366, 466, 233]), 10: array([733, 733, 700, 466, 466, 166, 233, 400, 233, 233])}",525.05,3.9,368.2903225806452
19,s5,"{1: array([631, 565, 598, 565, 498, 498, 531]), 2: array([400, 467, 467, 500, 633, 567, 467]), 3: array([466, 699, 499, 533, 499, 466, 566]), 4: array([466, 632, 532, 565, 199, 532, 632]), 5: array([498., 597., 531.,  nan, 564., 597., 498.]), 6: array([597., 597., 597., 531., 531.,  nan, 630.]), 7: array([1064,  465,  598,  532,  532,  598,  631]), 8: array([499., 532.,  nan, 599.,  nan, 532., 466.]), 9: array([465, 465, 498, 532, 565, 598, 565]), 10: array([465.,  99.,  nan,  nan, 531., 465., 565.])}","{1: 6, 2: 6, 3: 6, 4: 6, 5: 5, 6: 5, 7: 6, 8: 4, 9: 6, 10: 4}","{1: array([132,  99,  99,  66,  99,  66,  66]), 2: array([133, 133, 100, 100, 133, 100, 100]), 3: array([166, 166, 133, 133, 133,  66,  66]), 4: array([166, 133,  99, 133,  66,  66,  99]), 5: array([132, 132,  66, 132,  99,  66]), 6: array([132,  99,  66,  66,  99,  66]), 7: array([199,  99, 166,  99,  66, 133,  66]), 8: array([166, 133, 133,  66,  66]), 9: array([166, 133,  99,  66,  99,  66,  66]), 10: array([166, 132, 132,  66,  99])}",538.96875,5.4,107.109375
20,s113,"{1: array([ 236,  371,  472,  472,  438, 1180,  438]), 2: array([368, 301, 401, 334, 368, 401, 435]), 3: array([436, 369, 369, 301, 369, 369, 402]), 4: array([367, 367, 434, 468, 601, 568, 468]), 5: array([472, 506, 573, 371, 438, 472, 674]), 6: array([270., 406., 440., 372.,  nan, 406., 440.]), 7: array([437, 471, 303, 572, 572, 741, 673]), 8: array([436, 369, 570, 604, 570, 469, 469]), 9: array([401, 501, 267, 267, 467, 367, 467]), 10: array([402, 469, 435, 469, 402, 502, 469])}","{1: 7, 2: 7, 3: 6, 4: 7, 5: 7, 6: 7, 7: 8, 8: 7, 9: 12, 10: 6}","{1: array([607, 742, 472, 269, 337, 236, 269,  67, 236]), 2: array([368, 368, 234, 301, 267, 200, 234, 133]), 3: array([704, 536, 469, 268, 402, 436, 402,  67]), 4: array([635, 434, 434, 267, 334, 401, 234, 100]), 5: array([506, 438, 404, 371, 404, 303, 371,  67]), 6: array([677, 304, 304, 270, 270, 270, 304, 203]), 7: array([707, 505, 707, 505, 505, 572, 303, 437, 134]), 8: array([772, 537, 570, 302, 335, 302, 402,  67, 134]), 9: array([601, 434, 467, 401, 233, 401, 401, 401, 401, 233, 200, 267, 167,
        66]), 10: array([402, 335, 268, 268, 301, 234, 201,  67, 134])}",438.04347826086956,7.0,344.9111111111111
21,s98,"{1: array([433, 533, 399, 333, 333, 499, 433]), 2: array([367, 367, 400, 367, 367, 367, 434]), 3: array([370, 370, 370, 336, 336, 437, 336]), 4: array([399, 366, 333, 299, 333, 366, 399]), 5: array([300, 367, 333, 400, 400, 433, 400]), 6: array([400, 434, 367, 300, 367, 367, 634]), 7: array([599, 399, 366, 333, 533, 533, 399]), 8: array([334, 367, 334, 334, 334, 334, 267]), 9: array([405, 371, 371, 303, 405, 371, 405]), 10: array([434, 401, 401, 367, 401, 401, 367])}","{1: 6, 2: 6, 3: 6, 4: 6, 5: 6, 6: 6, 7: 6, 8: 6, 9: 6, 10: 6}","{1: array([299, 166, 199, 166, 166, 133, 133]), 2: array([200, 200, 133, 133, 133, 133, 133]), 3: array([168, 168, 168, 168, 134, 134, 168]), 4: array([166, 166, 166, 133, 166, 133, 166]), 5: array([166, 166, 166, 166, 133, 166, 133]), 6: array([233, 200, 167, 133, 167, 167, 100, 133]), 7: array([233, 166, 199,  99, 133, 166, 166]), 8: array([233, 200, 200, 167, 200, 133, 133, 167]), 9: array([236, 168, 202, 135, 135, 135, 168]), 10: array([200, 200, 200, 200, 200, 200, 167, 133])}",378.84285714285716,6.0,164.82191780821918
22,s104,"{1: array([432, 465, 465, 598, 499, 432, 565]), 2: array([366, 566, 466, 499, 499, 566, 633]), 3: array([400, 466, 433, 400, 500, 400, 533]), 4: array([433, 466, 600, 600, 500, 533, 433]), 5: array([567, 467, 534, 433, 500, 500, 500]), 6: array([599, 432,  99, 432, 432, 399, 399]), 7: array([400, 500, 400, 500, 434, 434, 534]), 8: array([566, 432, 466, 432, 399, 399, 399]), 9: array([532., 399., 432., 499., 332.,  nan, 432.]), 10: array([499, 433, 433, 466, 433, 399, 433])}","{1: 6, 2: 6, 3: 6, 4: 6, 5: 6, 6: 6, 7: 6, 8: 6, 9: 6, 10: 6}","{1: array([299, 266, 232, 199, 232, 199, 199]), 2: array([333, 233, 266, 233, 199, 199, 133]), 3: array([300, 266, 300, 266, 266, 233, 200]), 4: array([366, 300, 333, 166, 200, 266, 166, 133]), 5: array([300, 300, 267, 200, 200, 200, 100]), 6: array([399, 332, 199, 266, 233, 166, 166]), 7: array([267, 233, 166, 200, 166, 133, 133]), 8: array([266, 233, 199, 233, 199, 199, 199]), 9: array([699, 332, 233, 199, 166, 166,  66]), 10: array([266, 266, 199, 233, 199,  66, 166])}",467.4927536231884,6.0,226.71830985915494
23,s77,"{1: array([937.,  nan, 267.,  33., 368., 267.,  nan]), 2: array([735.,  nan,  nan,  nan, 367.,  nan,  nan]), 3: array([334., 334., 267.,  nan,  nan,  nan,  nan]), 4: array([ 66.,  nan,  nan,  nan, 267.,  nan, 334.]), 5: array([435.,  nan, 401.,  nan, 100.,  nan,  nan]), 6: array([nan, nan, nan, nan, nan, nan, nan]), 7: [], 8: [], 9: [], 10: array([nan, nan, nan, nan, nan, nan, nan])}","{1: 4, 2: 1, 3: 2, 4: 2, 5: 2, 6: 0, 7: [], 8: [], 9: [], 10: 0}","{1: array([133, 133, 133,  66, 100,  66]), 2: array([434, 133, 100]), 3: array([334, 100, 167]), 4: array([602, 200, 133,  66, 100]), 5: array([267, 133,  66]), 6: array([], dtype=float64), 7: [], 8: [], 9: [], 10: array([], dtype=float64)}",333.9375,1.5714285714285714,154.9
24,s34,"{1: array([735, 601, 735, 635, 701, 668, 735]), 2: array([569, 703, 602, 602, 535, 569, 569]), 3: array([636, 535, 569, 569, 569, 669, 702]), 4: array([635, 601, 568, 535, 668, 635, 601]), 5: array([600, 533, 600, 700, 567, 634, 600]), 6: array([734, 567, 667, 601, 634, 634, 534]), 7: array([634, 501, 300, 701, 601, 701, 634]), 8: array([267, 635, 501, 635, 568, 735, 568]), 9: array([602, 669, 501, 602, 702, 669, 568]), 10: array([602, 602, 535, 535, 435, 569, 602])}","{1: 6, 2: 6, 3: 6, 4: 6, 5: 6, 6: 6, 7: 7, 8: 6, 9: 6, 10: 6}","{1: array([200, 133, 200, 133,  66, 133, 167]), 2: array([200, 200, 133, 167, 133, 100, 100]), 3: array([200, 167, 167, 133, 133, 133, 133]), 4: array([200, 200, 200, 133, 167, 167, 100]), 5: array([166, 166, 133, 133, 133, 133, 133]), 6: array([233, 166, 233, 166, 166, 200, 166]), 7: array([267, 267, 200, 167, 200, 167, 167, 133]), 8: array([534, 234, 267, 234, 200, 167, 133]), 9: array([234, 200, 200, 167, 133, 200, 167]), 10: array([635, 200, 167, 200, 133, 167, 133, 167])}",610.9285714285714,6.0,172.65277777777777
25,s111,"{1: array([270, 236, 236, 270, 337, 303, 303]), 2: array([304., 270.,  nan, 338., 338., 372., 372.]), 3: array([ nan,  nan,  nan, 272., 374., 340., 340.]), 4: array([272, 204, 272, 272, 272, 307, 375]), 5: array([373.,  nan, 339., 305., 339., 339., 407.]), 6: array([ nan,  nan, 258.,  nan, 332.,  nan,  nan]), 7: array([ nan, 155., 232., 232., 620., 465., 504.]), 8: array([223.,  nan, 186.,  nan, 335., 298.,  nan]), 9: array([ nan,  nan, 523., 603., 321., 241., 201.]), 10: array([152.,  nan, 190.,  nan, 304.,  nan,  nan])}","{1: 6, 2: 5, 3: 4, 4: 6, 5: 5, 6: 2, 7: 6, 8: 3, 9: 5, 10: 2}","{1: array([135, 135, 135, 135, 101, 101,  67]), 2: array([169, 135, 135, 135, 135,  67]), 3: array([136, 136, 102,  68]), 4: array([170, 170, 170, 136, 136,  68,  68]), 5: array([135, 135,  67, 135, 135,  67]), 6: array([147,  73]), 7: array([155, 155, 116,  77,  77,  77]), 8: array([223, 149, 149, 149]), 9: array([241, 160, 160,  80,  80]), 10: array([152,  76, 152])}",303.64,4.4,122.84
26,s78,"{1: array([ 397.,  119.,  278., 1431., 1670.,   nan,  357.]), 2: array([318., 278., 318., 318.,  nan, 398., 318.]), 3: array([  nan,   nan, 1318.,   nan,   79.,   nan,  479.]), 4: array([438., 239.,  nan, 358., 319., 358., 398.]), 5: array([ nan, 358., 279., 358., 358.,  nan, 318.]), 6: array([318.,  nan, 397., 437., 318., 318., 278.]), 7: array([517, 238, 398, 318, 318, 318, 318]), 8: array([358, 278, 238, 199, 318, 318, 358]), 9: array([ 517.,  278., 1633.,  995.,  438.,   nan,  358.]), 10: array([437., 238., 397., 318., 278.,  nan, 358.])}","{1: 6, 2: 5, 3: 3, 4: 5, 5: 5, 6: 5, 7: 6, 8: 6, 9: 6, 10: 5}","{1: array([477, 357, 437, 159, 159,  79, 119]), 2: array([238, 199, 199,  79, 119, 159]), 3: array([159, 159,  79]), 4: array([199, 159, 159, 159, 159, 159]), 5: array([199, 159, 199,  79, 159]), 6: array([358, 238, 238, 238, 198, 159, 159]), 7: array([677, 517, 358, 438, 438, 318, 238]), 8: array([278, 238, 238, 159, 159, 159, 159]), 9: array([358, 278, 199, 159, 239, 199, 119]), 10: array([358, 238, 159, 198, 159, 159])}",353.7068965517241,5.4,214.327868852459
27,s40,"{1: array([407, 339, 339, 305, 271, 339, 475]), 2: array([405, 473, 405, 405, 371, 439, 371]), 3: array([371, 371, 438, 371, 405, 405, 506]), 4: array([474, 338, 338, 508, 575, 406, 406]), 5: array([406, 338, 304, 338, 372, 473, 507]), 6: array([339, 509, 407, 373, 441, 441, 610]), 7: array([339, 339, 339, 475, 407, 475, 441]), 8: array([406, 474, 474, 508, 373, 373, 474]), 9: array([339, 508, 440, 373, 474, 474, 474]), 10: array([371, 371, 405, 405, 405, 506, 439])}","{1: 6, 2: 6, 3: 6, 4: 6, 5: 6, 6: 6, 7: 6, 8: 6, 9: 6, 10: 6}","{1: array([271, 271, 237, 237, 203, 203, 203, 169]), 2: array([337, 304, 270, 168, 236, 202, 202]), 3: array([270, 236, 202, 236, 202, 101, 135]), 4: array([372, 270, 270, 237, 237, 203, 237]), 5: array([338, 304, 236, 236, 236, 203, 169]), 6: array([271, 271, 237, 203, 271, 237, 203]), 7: array([373, 305, 305, 237, 271, 271, 237]), 8: array([237, 203, 203, 169, 169, 135, 135]), 9: array([373, 339, 237, 339, 237, 203, 203]), 10: array([337, 337, 270, 236, 304, 236, 135])}",413.6142857142857,6.0,243.16901408450704
28,s79,"{1: array([471., 336., 370.,  nan,  nan,  nan, 370.]), 2: array([469., 335., 335., 402., 402., 335.,  nan]), 3: [], 4: array([471., 202.,  nan, 303., 303., 370., 370.]), 5: array([436.,  nan,  nan,  nan,  nan,  nan,  nan]), 6: array([ nan,  nan, 437.,  nan,  nan,  nan, 437.]), 7: array([ nan,  nan,  nan, 405.,  nan,  nan,  nan]), 8: array([370.,  nan,  nan, 404., 437., 437.,  nan]), 9: array([ nan, 371.,  nan,  nan, 404.,  nan, 438.]), 10: array([ nan, 403., 369., 369.,  nan,  nan, 335.])}","{1: 3, 2: 5, 3: [], 4: 5, 5: 0, 6: 2, 7: 1, 8: 3, 9: 3, 10: 4}","{1: array([269, 134, 134, 134, 134]), 2: array([201, 201, 201, 134, 100,  67]), 3: [], 4: array([202, 134, 168, 134,  67,  67]), 5: array([201]), 6: array([134,  67]), 7: array([101]), 8: array([168, 134,  67,  67]), 9: array([202, 134,  67]), 10: array([335, 167, 201, 167])}",386.96774193548384,2.888888888888889,140.40625
29,s55,"{1: array([233., 233.,  nan, 233., 267., 300., 300.]), 2: array([234, 301, 301, 301, 301, 367, 367]), 3: array([301, 335, 134, 134, 368, 402, 368]), 4: array([300., 300.,  nan, 300.,  nan, 300., 167.]), 5: array([268, 268, 301, 268, 335, 301, 335]), 6: array([267, 300, 267, 300, 300, 333, 333]), 7: array([ nan, 299., 266., 299., 266., 233., 333.]), 8: array([301, 267, 234, 267, 267, 301, 334]), 9: array([167.,  nan, 334., 301., 334., 267., 334.]), 10: array([ nan, 333., 299., 266., 266., 299., 266.])}","{1: 5, 2: 6, 3: 7, 4: 6, 5: 6, 6: 6, 7: 6, 8: 6, 9: 6, 10: 6}","{1: array([233, 200, 200, 167, 200, 133]), 2: array([200, 133, 167, 133, 100, 133, 133, 133]), 3: array([201, 167, 134, 167, 134, 134, 134, 100, 134]), 4: array([367, 300, 200, 167, 200, 133, 133, 133, 167, 133]), 5: array([167, 167, 167, 134, 134, 100, 134, 100]), 6: array([200, 200, 166, 133,  66, 133, 133, 133]), 7: array([233, 199, 166, 166, 133, 133, 133]), 8: array([200, 167, 167, 167, 133, 167, 133,  66]), 9: array([334, 234, 234, 167, 200, 167, 234, 133]), 10: array([166, 133, 133, 133, 133,  66, 133, 133])}",290.453125,6.0,157.975
30,s1,"{1: array([234, 267, 200, 301, 301, 301, 368]), 2: array([301, 301, 267, 301, 301, 267, 468]), 3: array([300, 333, 233, 100, 233, 267, 267]), 4: array([433, 400, 300, 300, 233, 300, 300]), 5: array([234, 234, 234, 267, 301, 267, 267]), 6: array([335, 301, 335, 301, 301, 301, 335]), 7: array([200, 200, 267, 267, 234, 301, 301]), 8: array([468, 368, 334, 267, 301, 334, 301]), 9: array([334, 334, 234, 234, 300, 167, 300]), 10: array([233, 267, 233, 233, 233, 100, 233])}","{1: 6, 2: 6, 3: 6, 4: 6, 5: 6, 6: 6, 7: 6, 8: 6, 9: 6, 10: 6}","{1: array([267, 234, 234, 200, 200, 200, 200]), 2: array([334, 234, 267, 200, 200,  66, 234]), 3: array([434, 267, 267, 200, 233, 233, 200]), 4: array([266, 266, 200, 200, 233, 133, 133]), 5: array([301, 234, 267, 234, 234, 234, 234]), 6: array([402, 167, 234, 167, 167, 134, 167, 167]), 7: array([267, 234, 200, 200, 200, 200, 200]), 8: array([234, 200, 200, 167, 167, 133, 100]), 9: array([300, 200, 200, 133, 167, 200, 100]), 10: array([267, 233, 233, 200, 200, 166, 233])}",281.48571428571427,6.0,210.08450704225353
31,s21,"{1: array([ nan, 368., 301.,  nan, 435.,  nan, 435.]), 2: array([635.,  nan, 301., 334., 368., 334.,  nan]), 3: array([434., 300., 267., 367., 334.,  nan,  nan]), 4: array([ nan,  nan,  nan,  nan, 367.,  nan, 400.]), 5: array([267.,  nan, 401.,  nan,  nan, 334.,  nan]), 6: array([301.,  nan, 401.,  nan, 401.,  nan,  nan]), 7: array([367., 434.,  nan,  nan,  nan, 367.,  nan]), 8: array([ nan,  nan, 367.,  nan, 434.,  nan,  nan]), 9: array([367.,  nan,  nan,  nan,  nan,  nan,  nan]), 10: array([ nan,  nan,  nan,  nan, 367.,  nan, 400.])}","{1: 4, 2: 4, 3: 4, 4: 2, 5: 2, 6: 2, 7: 2, 8: 2, 9: 0, 10: 2}","{1: array([133, 100,  66, 100]), 2: array([167, 167,  66, 133, 133]), 3: array([200, 167,  66,  66,  66]), 4: array([66, 66]), 5: array([133, 133, 133]), 6: array([200, 133,  66]), 7: array([133, 133,  66]), 8: array([133, 100]), 9: array([133]), 10: array([100,  66])}",368.46666666666664,2.6,111.93333333333334
32,s41,"{1: array([532, 499, 632, 532, 532, 532, 499]), 2: array([532, 532, 532, 532, 599, 499, 599]), 3: array([499, 466, 432, 466, 599, 565, 532]), 4: array([632, 632, 532, 499, 466, 499, 599]), 5: array([565, 598, 499, 499, 499, 499, 465]), 6: array([665, 499, 532, 499, 532, 532, 532]), 7: array([499, 499, 499, 533, 499, 499, 533]), 8: array([431, 531, 531, 365, 465, 465, 531]), 9: array([532, 499, 499, 532, 266, 532, 532]), 10: array([500, 533, 533, 566, 600, 533, 600])}","{1: 6, 2: 6, 3: 6, 4: 6, 5: 6, 6: 6, 7: 6, 8: 6, 9: 6, 10: 6}","{1: array([466, 499, 366, 399, 399, 266, 333]), 2: array([632, 532, 466, 499, 599, 133, 432, 499]), 3: array([665, 665, 565, 133, 532, 432, 399,  66]), 4: array([532, 599, 399, 266, 366, 333, 166]), 5: array([632, 499, 499, 499, 632, 399, 465, 166]), 6: array([598, 465, 465, 399, 499, 499, 399]), 7: array([299, 299, 266, 266, 266, 199, 166]), 8: array([365, 332, 365, 265, 298, 232, 199]), 9: array([466, 432, 366, 266, 399, 199, 266]), 10: array([533, 500, 400, 366, 466, 400, 400])}",525.1285714285714,6.0,399.3835616438356
33,s68,"{1: array([332, 299, 332, 399, 366, 399, 366]), 2: array([433, 333, 366, 299, 333, 333, 366]), 3: array([398, 365, 365, 464, 365, 464, 298]), 4: array([266, 366, 266, 366, 399, 399, 366]), 5: array([500, 400, 400, 333, 366, 400, 300]), 6: array([433, 366, 366, 333, 399, 466, 433]), 7: array([299, 332, 466, 399, 299, 366, 366]), 8: array([463, 397, 397, 331, 298, 298, 265]), 9: array([498, 365, 299, 299, 498, 299, 299]), 10: array([533, 400, 367, 533, 500, 367, 433])}","{1: 6, 2: 6, 3: 6, 4: 6, 5: 6, 6: 6, 7: 6, 8: 6, 9: 6, 10: 6}","{1: array([266, 232, 199, 199, 199, 199, 199]), 2: array([233, 233, 199, 199, 166, 199, 199]), 3: array([265, 265, 265, 199, 265, 232, 199]), 4: array([266, 266, 233, 233, 266, 233, 199]), 5: array([266, 266, 200, 200, 166, 166, 200]), 6: array([233, 233, 233, 233, 199, 199, 199]), 7: array([233, 199, 233, 166, 166, 166,  99]), 8: array([231, 231, 231, 231, 198, 198, 198]), 9: array([299, 232, 232, 232, 199, 166, 166]), 10: array([233, 233, 200, 200, 200, 200, 166, 200])}",372.87142857142857,6.0,215.0
34,s90,"{1: array([466, 633, 499, 533, 466, 499, 333]), 2: array([466., 666.,  nan, 699., 666.,  nan, 566.]), 3: array([466, 566, 499, 532, 599, 466, 499]), 4: array([565, 532, 499, 532, 898, 532, 565]), 5: array([600., 633., 566., 700., 800., 800.,  nan]), 6: array([566., 533., 466.,  nan, 533., 666., 666.]), 7: array([499, 499,  99, 466, 433, 466, 199]), 8: array([565., 499.,  nan, 399., 466., 499., 199.]), 9: array([367, 233, 500, 600, 367, 333, 100]), 10: array([  nan, 1000.,  466.,  500.,  566.,  433.,  466.])}","{1: 6, 2: 4, 3: 6, 4: 6, 5: 5, 6: 5, 7: 7, 8: 6, 9: 8, 10: 9}","{1: array([266, 233, 199, 166, 166, 199,  99,  66]), 2: array([233, 199, 199, 133, 133,  66]), 3: array([233, 233, 199, 199, 133, 133, 133]), 4: array([299, 199, 199, 166, 199, 133,  99]), 5: array([666, 300, 166, 200, 133, 166]), 6: array([200, 200, 133, 133, 133,  66]), 7: array([333, 333, 333, 233, 199, 199, 266, 166]), 8: array([399, 332, 233, 266, 166, 199, 166, 133,  99]), 9: array([667, 500, 500, 233, 266, 200, 233, 233, 133, 166, 133]), 10: array([366, 333, 200, 266, 233, 166, 133, 100,  66])}",514.4375,6.2,203.0
35,s30,"{1: [], 2: [], 3: array([666, 833, 733, 700, 700, 800, 800]), 4: [], 5: array([ nan,  nan,  nan,  nan, 798., 732., 765.]), 6: array([567, 734, 534, 700, 700, 734, 600]), 7: array([501, 734, 634, 567, 534, 400, 501]), 8: array([833, 733, 733, 733, 733, 700, 700]), 9: array([566, 733, 733, 766, 700, 766, 433]), 10: array([666., 666., 933., 666., 766.,  nan, 599.])}","{1: [], 2: [], 3: 6, 4: [], 5: 3, 6: 6, 7: 6, 8: 6, 9: 6, 10: 5}","{1: [], 2: [], 3: array([233, 200, 200, 166, 133, 166, 200]), 4: [], 5: array([266, 133,  66,  99]), 6: array([267, 233, 200, 200, 200, 200, 166]), 7: array([267, 167, 233, 167, 133, 167, 100, 167]), 8: array([500, 200, 200, 100, 133, 133, 166, 100]), 9: array([233, 200, 133, 166, 133, 133, 133]), 10: array([233, 166, 199, 133,  99, 133])}",686.9772727272727,5.428571428571429,170.70212765957447
36,s64,"{1: array([568, 635, 635, 535, 702, 568, 133]), 2: array([700, 633, 700, 666, 733, 633, 533]), 3: array([634, 634, 701, 634, 701, 601, 601]), 4: array([701, 734, 701, 667, 734, 701, 701]), 5: array([533, 666, 666, 700, 666, 633, 666]), 6: array([701, 635, 668, 701, 701, 768, 668]), 7: array([700, 700, 600, 567, 767, 767, 867]), 8: array([667, 734, 767, 700, 834, 734, 734]), 9: array([569, 702, 702, 569, 636, 669, 602]), 10: array([ 835,  601,  634,  601,  668,  601, 1202])}","{1: 7, 2: 8, 3: 6, 4: 6, 5: 6, 6: 6, 7: 6, 8: 6, 9: 6, 10: 7}","{1: array([602, 468, 368, 401, 200, 334, 368, 133]), 2: array([566, 566, 366, 500, 433, 133, 166, 400, 166,  66]), 3: array([501, 434, 467, 233, 334, 434, 300,  66]), 4: array([701, 601, 567, 400, 400, 333, 400]), 5: array([533, 433, 466, 400, 400, 466, 400]), 6: array([668, 401, 367, 334, 300, 300, 334]), 7: array([433, 366, 366, 366, 333, 266, 300, 166]), 8: array([400, 400, 367, 367, 300, 367, 300]), 9: array([435, 435, 401, 334, 301, 334, 401, 133]), 10: array([601, 467, 501, 434, 334, 300, 300, 100])}",668.5,6.3,373.56410256410254
37,s28,"{1: array([565.,  nan,  nan,  nan,  nan,  nan,  nan]), 2: array([ 600.,   nan,   nan,   nan,   nan, 1400., 1834.]), 3: array([499.,  nan, 766.,  nan, 166., 466.,  nan]), 4: array([599.,  nan,  nan,  nan,  nan,  nan,  nan]), 5: array([ 665.,   nan, 1365.,  532.,   nan,   nan,   nan]), 6: array([ 600.,   nan, 1333.,  500., 1700., 1333.,  533.]), 7: array([ 733.,  733.,  633.,  333.,   nan,   nan, 1133.]), 8: array([799.,  nan,  nan,  nan,  nan,  nan,  nan]), 9: array([ 599.,  998., 1698., 1265., 1265.,  199.,   nan]), 10: array([666., 699., 433.,  nan,  66., 566.,  nan])}","{1: 0, 2: 2, 3: 5, 4: 0, 5: 2, 6: 5, 7: 5, 8: 0, 9: 6, 10: 4}","{1: array([366, 299]), 2: array([233, 133, 233,  66]), 3: array([266, 199, 166, 133, 133, 133]), 4: array([199]), 5: array([199, 199, 133]), 6: array([233, 200, 166, 133, 133, 133, 133]), 7: array([499, 199, 166,  66, 166,  99]), 8: array([133]), 9: array([233, 199, 166, 166, 133,  66, 166]), 10: array([199,  99,  66,  66,  66])}",794.5714285714286,2.8,158.95238095238096
38,s110,"{1: array([304, 270, 236, 304, 304, 337, 371]), 2: array([327, 400, 254, 436, 546, 582, 509]), 3: array([270, 101, 236, 337, 337, 303, 337]), 4: array([304, 271, 338, 271, 271, 271, 304]), 5: array([270, 169, 236, 236, 202, 236, 270]), 6: array([406, 304, 304, 304, 372, 338, 304]), 7: array([271., 271., 475., 305., 169.,  nan, 407.]), 8: array([404, 235, 235, 269, 303, 303, 370]), 9: array([338, 203, 203, 271, 271, 338, 305]), 10: array([946, 270, 101, 236, 304, 236, 338])}","{1: 6, 2: 6, 3: 6, 4: 6, 5: 6, 6: 6, 7: 6, 8: 6, 9: 6, 10: 6}","{1: array([270, 270, 236, 236, 236, 236, 236]), 2: array([327, 254, 291, 218, 218, 254, 145, 182]), 3: array([270, 270, 168, 202, 202, 168, 168]), 4: array([304, 271, 237, 237, 169, 237, 169]), 5: array([236, 236, 202, 236, 202, 169, 169]), 6: array([237, 203, 203, 203, 169, 169, 135]), 7: array([271, 237, 203, 203, 203, 101, 169]), 8: array([269, 202, 235, 134, 202, 202, 168, 101]), 9: array([237, 237, 237, 203, 169, 169, 169]), 10: array([270, 236, 236, 202, 236, 202, 169, 135])}",299.71014492753625,6.0,213.6986301369863
39,s20,"{1: array([268, 234, 234, 335, 301, 301, 301]), 2: array([ nan, 333., 367., 467.,  nan, 333., 333.]), 3: array([334, 367, 334, 334, 434, 367, 334]), 4: array([ nan, 333., 333., 300., 333.,  nan, 333.]), 5: array([300., 300., 266., 433., 300., 266.,  nan]), 6: array([300, 233, 334, 300, 300, 334, 334]), 7: array([367, 334, 334, 300, 300, 300, 367]), 8: array([433, 367, 266, 333, 400, 300, 400]), 9: array([ nan, 367., 367., 333., 300., 433., 367.]), 10: array([434, 401, 334, 334, 334, 300, 234])}","{1: 6, 2: 5, 3: 6, 4: 5, 5: 5, 6: 6, 7: 6, 8: 6, 9: 6, 10: 6}","{1: array([201, 167, 134, 134, 167, 100,  67]), 2: array([133, 133, 100,  66,  66]), 3: array([233, 167, 133, 133, 133, 133,  66]), 4: array([166, 133, 100, 133,  66]), 5: array([166, 166, 166, 133, 133, 100]), 6: array([200, 167, 133, 167, 167, 133, 133,  66]), 7: array([200, 200, 133,  66, 133, 133, 133]), 8: array([133, 133, 133, 133, 100, 100, 100]), 9: array([200, 200, 166, 133, 133, 166, 133]), 10: array([167, 167, 167, 167,  66, 133, 133, 133])}",330.984375,5.7,136.62686567164178
40,s85,"{1: array([369., 268.,  nan, 369.,  nan, 336., 302.]), 2: array([402, 368, 268, 335, 301, 335, 402]), 3: array([235, 235, 269, 269, 269, 337, 337]), 4: array([405, 236, 338, 371, 371, 338, 439]), 5: array([301, 334, 234, 368, 434, 401, 301]), 6: array([370, 235, 202, 235, 269, 269, 370]), 7: array([271, 305, 271, 305, 271, 271, 305]), 8: array([338, 338, 169, 304, 372, 304, 270]), 9: array([307, 273, 273, 273, 341, 273, 375]), 10: array([268, 268, 235, 268, 302, 235, 302])}","{1: 4, 2: 6, 3: 6, 4: 6, 5: 6, 6: 6, 7: 6, 8: 6, 9: 6, 10: 6}","{1: array([605, 235, 134, 201, 201]), 2: array([335, 268, 234, 234, 134, 201, 134, 100, 134]), 3: array([505, 370, 235, 269, 202, 202, 202]), 4: array([202, 202, 202, 169, 202, 169, 169]), 5: array([334, 234, 200, 234, 200, 200, 133,  66]), 6: array([303, 303, 269, 269, 269, 202, 235, 134]), 7: array([271, 271, 237, 237, 237, 203, 237]), 8: array([304, 270, 270, 203, 203, 135, 135]), 9: array([614, 204, 307, 204, 204, 204, 136]), 10: array([369, 235, 268, 235, 235, 235, 134])}",305.6029411764706,6.0,221.55555555555554
41,s8,"{1: array([428, 296, 296, 296, 263, 362, 395]), 2: array([399, 332, 332, 299, 232, 299, 332]), 3: array([230, 230, 296, 362, 296, 296, 329]), 4: array([461, 329, 329, 362, 296, 329, 362]), 5: array([461., 197.,  nan, 329., 395.,  nan, 329.]), 6: array([231, 231, 331, 231, 198, 331, 430]), 7: array([ nan, 296., 263., 329., 296., 296., 329.]), 8: array([ nan, 267., 234., 234., 234., 234., 267.]), 9: array([165, 364, 298, 298, 331, 364, 364]), 10: array([462, 363, 198,  33, 264, 396, 330])}","{1: 6, 2: 6, 3: 6, 4: 6, 5: 6, 6: 6, 7: 6, 8: 6, 9: 6, 10: 6}","{1: array([197, 131, 164,  98, 131, 131,  98,  98]), 2: array([199, 166, 133, 133, 133,  66,  66]), 3: array([164, 164, 164, 131,  98,  98,  98]), 4: array([164, 164, 131,  98, 164, 131,  98,  65]), 5: array([164, 131, 131,  98, 131,  98,  98]), 6: array([198, 198, 165, 132, 165,  99,  99]), 7: array([164, 131, 131,  98,  98,  98]), 8: array([167, 133, 133, 100, 100,  66]), 9: array([165, 132, 132, 132,  99, 132,  66,  99]), 10: array([231, 165, 165, 165, 132,  99,  99])}",308.56060606060606,6.0,129.22535211267606
42,s27,"{1: array([532, 366, 432, 466, 366, 432, 333]), 2: array([466, 433, 433, 300, 233, 300, 100]), 3: array([734, 533, 533, 467, 200, 233, 433]), 4: array([499, 533, 233, 799, 499, 566, 166]), 5: array([565, 532, 432, 499, 366, 499, 499]), 6: array([499, 166, 333,  33, 366, 866, 433]), 7: array([565., 432.,  66.,  nan, 332., 199., 266.]), 8: array([400., 433., 100., 333., 266.,  nan, 433.]), 9: array([767, 500, 400, 133, 400, 433, 500]), 10: array([499, 166,  33, 366,  33, 166, 399])}","{1: 9, 2: 9, 3: 7, 4: 10, 5: 7, 6: 7, 7: 6, 8: 6, 9: 6, 10: 6}","{1: array([666, 399, 366, 432, 333, 133, 333, 366,  66,  99,  66]), 2: array([700, 400, 466, 433, 266, 266, 366,  66, 133,  66,  66, 100]), 3: array([700, 600, 667, 233, 400, 300, 634, 233, 133,  66]), 4: array([633, 566, 633, 399, 333, 366, 299, 366,  66, 166,  66]), 5: array([565, 532, 599, 399, 565, 432, 466, 233,  66]), 6: array([599, 566, 499,  99, 533, 366, 366,  66]), 7: array([632, 532, 465, 366, 266, 399, 465, 232]), 8: array([533, 433, 467, 333, 333, 433, 367,  66, 333]), 9: array([400, 367, 400, 200, 233, 367, 333, 200, 166]), 10: array([666, 632, 599, 466, 499, 366, 333, 399])}",380.20588235294116,7.2,362.4736842105263
43,s60,"{1: array([329, 329, 362, 362, 395, 329, 428]), 2: array([365, 332, 133, 432, 332, 365, 465]), 3: array([395, 362, 263, 329, 362, 362, 296]), 4: array([265, 464, 265, 397, 364, 364, 464]), 5: array([396, 297, 330, 297, 330, 330, 330]), 6: array([301, 368, 402, 469, 703, 536, 502]), 7: array([363, 264, 297, 198, 297, 330, 396]), 8: array([533, 333, 200, 333, 333, 466, 366]), 9: array([ 296.,  230., 1550.,   nan,  197.,   65.,  395.]), 10: array([264, 264, 165, 330, 132, 165, 198])}","{1: 6, 2: 6, 3: 6, 4: 6, 5: 6, 6: 6, 7: 6, 8: 6, 9: 6, 10: 6}","{1: array([263, 230, 230, 197, 230, 131, 164]), 2: array([332, 266, 199, 232, 199, 133, 199, 199]), 3: array([296, 230, 197, 197, 197, 164, 164]), 4: array([198, 198, 198, 165, 132, 132, 165]), 5: array([297, 231, 231, 132, 231, 165, 165]), 6: array([234, 268, 234, 167, 234, 234, 234]), 7: array([264, 231, 198, 198, 198, 165, 165]), 8: array([200, 166, 166, 166, 166, 133, 100, 133]), 9: array([329, 329, 263, 164, 263, 197, 164]), 10: array([264, 198, 198, 198, 132, 165, 132])}",337.60869565217394,6.0,198.75
44,s18,"{1: array([267., 234.,  nan,  nan, 334., 368., 301.]), 2: array([337, 269, 202, 235, 269, 404, 337]), 3: array([267, 334, 233, 334, 334, 334, 300]), 4: array([268, 268, 335, 436, 369, 402, 570]), 5: array([301., 301., 234., 268., 335.,  nan, 335.]), 6: array([401, 368, 301, 401, 334, 334, 334]), 7: array([203, 203, 339, 305, 339, 339, 373]), 8: array([301, 301, 267, 301, 267, 301, 267]), 9: array([302, 234, 402, 335, 302, 335, 268]), 10: array([168, 236, 202, 270, 303, 270, 371])}","{1: 4, 2: 6, 3: 6, 4: 6, 5: 5, 6: 6, 7: 6, 8: 6, 9: 6, 10: 6}","{1: array([200, 167, 167, 133, 133]), 2: array([202, 202, 168, 168, 134, 168, 101]), 3: array([167, 167, 100, 133,  66, 100,  66]), 4: array([201, 134, 100, 100,  67,  67,  67]), 5: array([201, 167, 134, 134, 100, 100]), 6: array([200, 167, 200, 133, 133, 133, 133]), 7: array([135, 135, 135, 135, 135, 101,  67,  67]), 8: array([267, 200, 200, 200, 167, 133, 133]), 9: array([234, 167, 134, 134, 134, 134, 134]), 10: array([202, 202, 101, 135, 168,  67,  67])}",308.5970149253731,5.8,140.22058823529412
45,s80,"{1: array([329, 329, 263, 296, 329, 329, 296]), 2: array([362., 296., 296.,  nan, 329., 329., 329.]), 3: array([329, 296, 329, 296, 296, 329, 329]), 4: array([362, 296, 296, 296, 296, 329, 296]), 5: array([362, 296, 296, 329, 296, 296, 329]), 6: array([429, 330, 363, 396, 330, 297, 396]), 7: array([329, 428, 296, 329, 263, 362, 329]), 8: array([396, 363, 297, 363, 297, 396, 363]), 9: array([394, 295, 427, 394, 328, 361, 460]), 10: array([296, 329, 296, 329, 329, 362, 362])}","{1: 6, 2: 6, 3: 6, 4: 6, 5: 6, 6: 6, 7: 6, 8: 6, 9: 6, 10: 6}","{1: array([296, 230, 230, 164, 131, 164, 131]), 2: array([230, 230, 197, 164, 131, 197,  98]), 3: array([197, 197, 197, 164, 131, 131, 164]), 4: array([296, 296, 197, 230, 164, 197, 164]), 5: array([329, 263, 230, 230, 197, 131, 197]), 6: array([330, 264, 264, 231, 264, 132, 231]), 7: array([329, 296, 230, 131, 263, 197, 131]), 8: array([231, 231, 198, 198, 198, 132, 132]), 9: array([262, 262, 230, 230, 197, 230, 131, 197]), 10: array([296, 263, 230, 230, 230, 197, 197])}",332.05797101449275,6.0,208.77464788732394
46,s93,"{1: array([368., 267., 234.,  nan, 267.,  nan,  nan]), 2: array([233., 233., 233.,  nan, 233., 300., 266.]), 3: array([368., 234., 267.,  nan,  33., 401., 301.]), 4: array([ 267,  267,  267,  267,  234, 1539,  569]), 5: array([334., 233., 233., 100., 233.,  nan, 233.]), 6: array([267, 233, 233, 300, 200, 267, 300]), 7: array([267., 233., 167., 267., 233., 233.,  nan]), 8: array([234, 100,  33, 234, 234, 300, 334]), 9: array([334., 300., 267.,  nan, 233., 300., 267.]), 10: array([234, 267, 267, 100, 267, 334, 334])}","{1: 6, 2: 6, 3: 5, 4: 7, 5: 6, 6: 6, 7: 6, 8: 6, 9: 5, 10: 7}","{1: array([301, 200, 133, 133, 133, 100, 100,  66]), 2: array([400, 233, 233, 166, 133, 133, 133]), 3: array([133, 133, 100, 133, 100, 100]), 4: array([200, 133, 167, 100, 100,  66, 100,  66]), 5: array([200, 133, 133, 133, 133, 133, 100,  66]), 6: array([233, 200, 167, 167, 133, 133, 100,  66]), 7: array([267, 200, 233, 167, 133, 100, 133]), 8: array([434, 234, 200, 133, 200, 167, 133]), 9: array([167, 133, 133, 100, 133, 100]), 10: array([334, 167, 200, 167, 133, 133, 200,  66])}",262.56451612903226,6.0,150.54794520547946
47,s43,"{1: array([572, 572, 538, 538, 538, 471, 505]), 2: array([473, 439, 304, 507, 507, 540, 507]), 3: array([473., 507., 473., 473.,  nan, 507., 507.]), 4: array([440, 507, 507, 440, 507, 541, 575]), 5: array([639, 538, 505, 505, 505, 471, 505]), 6: array([509, 475, 373,  33, 407, 271, 101]), 7: array([577, 475, 237, 475, 441, 101, 509]), 8: array([644, 542, 407, 474, 508, 101, 474]), 9: array([475., 305., 237., 373.,  nan,  nan, 611.]), 10: array([641, 506, 438, 438, 438, 337, 540])}","{1: 6, 2: 6, 3: 6, 4: 6, 5: 6, 6: 7, 7: 6, 8: 6, 9: 4, 10: 7}","{1: array([303, 269, 235, 168, 235, 202, 168]), 2: array([338, 236, 270, 202, 202, 236, 169]), 3: array([270, 236, 236, 202, 169, 135, 169]), 4: array([304, 270, 237, 237, 270, 203, 169]), 5: array([370, 336, 336, 202, 235, 269, 303]), 6: array([509, 305, 407, 203, 169, 305, 169, 203, 135, 135]), 7: array([407, 169, 169, 135, 169, 135, 135]), 8: array([610, 373, 271, 237, 203, 203, 169, 135, 135]), 9: array([339, 271, 339, 237, 169, 169]), 10: array([236, 236, 168, 202, 236, 168, 168, 101])}",465.2238805970149,6.2,226.89333333333335
48,s56,"{1: array([368, 268, 335, 402, 435, 368, 603]), 2: array([401., 401., 401.,  nan,  nan, 468., 401.]), 3: array([536, 435, 469, 536, 502, 435, 469]), 4: array([368, 435, 469, 469, 502, 402, 335]), 5: array([436, 403, 369, 537, 369, 369, 470]), 6: array([535., 468., 435., 468.,  nan, 569., 569.]), 7: array([502, 468, 401, 468, 435, 435, 502]), 8: array([705, 470, 470, 570, 436, 537, 537]), 9: array([402, 369, 402, 369, 436, 402, 436]), 10: array([ nan, 435., 469., 435., 435., 402., 536.])}","{1: 6, 2: 4, 3: 6, 4: 6, 5: 6, 6: 5, 7: 6, 8: 6, 9: 6, 10: 6}","{1: array([234, 201, 201, 201, 167, 201, 134]), 2: array([267, 200, 234, 200, 200]), 3: array([201, 201, 134, 134, 167, 134, 134]), 4: array([435, 268, 201, 201, 268, 167, 134]), 5: array([369, 302, 302, 167, 268, 167, 268]), 6: array([133, 133,  66, 133,  66,  66]), 7: array([234, 200, 167, 133, 167, 133, 133]), 8: array([268, 201, 268, 134, 134, 134,  67]), 9: array([235, 201, 134, 201, 134, 134, 134]), 10: array([167, 167, 134, 134, 134, 100])}",447.1969696969697,5.8,181.8939393939394
49,s82,"{1: array([333, 300, 333, 267, 333, 300, 267]), 2: array([337, 337, 304, 304, 270, 304, 337]), 3: array([333, 299, 333, 166, 266, 299, 333]), 4: array([500, 467, 333, 300, 300, 333, 333]), 5: array([367, 266, 367, 166, 300, 133, 300]), 6: array([367., 367., 367., 300., 267., 300.,  nan]), 7: array([334, 300, 300, 401, 300, 334, 434]), 8: array([404, 371, 303, 269, 269, 134, 303]), 9: array([467., 367., 300.,  nan, 333., 233., 300.]), 10: array([501, 367, 300, 401,  33, 300, 367])}","{1: 6, 2: 6, 3: 6, 4: 6, 5: 6, 6: 5, 7: 6, 8: 7, 9: 5, 10: 6}","{1: array([367, 300, 333, 267, 267, 200, 233, 267]), 2: array([304, 337, 304, 304, 202, 270, 236]), 3: array([532, 366, 532, 266, 333, 466, 266]), 4: array([500, 434, 367, 333, 267, 300, 233]), 5: array([433, 367, 367, 300, 300, 200, 166]), 6: array([200, 167, 133, 167, 133,  66]), 7: array([300, 233, 200, 200, 200, 167, 133]), 8: array([539, 404, 269, 202, 269, 202, 134, 134, 202]), 9: array([233, 200, 166, 166, 133, 133]), 10: array([367, 267, 267, 234,  66, 133, 200, 200])}",321.72058823529414,5.8,256.44444444444446
50,s31,"{1: array([504, 437, 572, 269, 605, 437, 370]), 2: array([335., 671., 671., 570.,  nan, 335., 335.]), 3: array([504, 840, 336, 403, 739, 672, 436]), 4: array([537, 504, 739, 638, 772, 604, 470]), 5: array([604, 638, 672, 705, 302, 806, 705]), 6: array([437, 437, 504, 538, 336, 572, 605]), 7: array([673, 673, 841, 336, 404, 774, 639]), 8: array([538, 470, 403, 370, 639, 336, 336]), 9: array([705, 705, 705, 302, 403, 537, 436]), 10: array([504, 370, 504, 706, 672, 740, 504])}","{1: 6, 2: 5, 3: 6, 4: 6, 5: 6, 6: 6, 7: 6, 8: 6, 9: 6, 10: 6}","{1: array([437, 370, 336, 168, 134, 134, 134, 100, 100]), 2: array([604, 369, 134, 268, 134, 100, 100]), 3: array([436, 403, 268, 100, 134,  67,  67]), 4: array([470, 134, 235, 134,  67, 100, 100]), 5: array([638, 201, 134, 134, 134, 134, 134,  67]), 6: array([504, 336, 134, 134, 134, 134, 100]), 7: array([505, 471, 336, 336, 134, 134, 134]), 8: array([504, 470, 403, 302, 336, 269, 134]), 9: array([571, 403, 470, 134, 134, 335, 100]), 10: array([504, 471, 336, 168, 336, 168, 168])}",538.9855072463768,6.0,243.2054794520548
51,s52,"{1: array([ 434.,   nan,  301.,  702., 1070.,  133.,  301.]), 2: array([369., 302.,  nan,  33.,  nan, 302., 436.]), 3: array([335, 972, 301, 301, 402, 637, 368]), 4: array([402., 268., 302.,  nan, 302.,  nan,  nan]), 5: array([335, 301, 268, 268, 134, 603, 268]), 6: array([301., 234., 234.,  nan, 167., 268., 268.]), 7: array([ 334,  234,   66,  234, 1105,  301,  267]), 8: array([269., 236., 269., 303., 438., 134.,  nan]), 9: array([335., 268., 134., 134., 134.,  nan, 335.]), 10: array([403., 235., 268., 168.,  nan, 268., 134.])}","{1: 7, 2: 5, 3: 6, 4: 5, 5: 8, 6: 6, 7: 6, 8: 6, 9: 6, 10: 7}","{1: array([635, 401, 234, 167, 434, 133, 167, 133, 133]), 2: array([302, 235, 201, 134, 201, 167]), 3: array([335, 335, 201, 301, 201, 134, 134, 167]), 4: array([302, 268, 234, 134, 134, 201]), 5: array([670, 402, 268, 201, 201, 201, 134, 167, 167, 201]), 6: array([469, 469, 435, 402, 134, 368, 402, 402, 435]), 7: array([602, 502, 502, 468,  66, 435, 301, 535]), 8: array([472, 404, 438, 371, 371, 303, 303, 269]), 9: array([637, 570, 536, 436, 301, 469, 469]), 10: array([571, 336, 302, 235, 336, 268, 134, 168])}",288.95,6.1,311.27848101265823
52,s17,"{1: array([374, 374, 340, 340, 306, 340, 340]), 2: array([ nan, 474., 372., 338., 338., 338., 338.]), 3: array([270, 270, 337, 304, 337, 371, 405]), 4: array([376, 376, 307, 136, 273, 307, 342]), 5: array([239, 273, 342, 308, 342, 376, 445]), 6: array([305, 237,  33, 305, 305, 203, 339]), 7: array([ 335.,  268.,  302.,  302., 1510.,   nan,  335.]), 8: array([ nan, 302., 336., 370., 134., 269., 336.]), 9: array([334, 301, 301, 267, 334, 334, 368]), 10: array([270, 270, 338, 338, 304, 372, 338])}","{1: 6, 2: 6, 3: 6, 4: 6, 5: 6, 6: 6, 7: 6, 8: 6, 9: 6, 10: 6}","{1: array([204, 204, 170, 136, 170, 170, 136]), 2: array([203, 203, 169, 135, 169, 135]), 3: array([236, 202, 202, 168, 202, 168, 135]), 4: array([239, 239, 239, 205, 171, 205, 205]), 5: array([205, 205, 205, 136, 171, 171, 171]), 6: array([305, 237, 203, 203, 169, 203, 169]), 7: array([234, 201, 234, 201, 167, 167, 167]), 8: array([235, 201, 201, 201, 201, 168]), 9: array([234, 234, 200, 133, 167, 167, 100]), 10: array([203, 203, 203, 169, 203, 135, 169])}",322.8805970149254,6.0,188.66176470588235
53,s92,"{1: array([603, 469, 402, 436, 402, 134, 570]), 2: array([569, 502, 468, 502, 435, 502, 435]), 3: array([201, 502, 569, 603, 670, 536, 636]), 4: array([502, 435, 402, 469, 435, 435, 469]), 5: array([ nan, 603., 502., 569., 536., 536., 502.]), 6: [], 7: [], 8: array([469.,  nan,  nan,  nan,  nan,  nan,  nan]), 9: array([ nan,  nan,  nan,  nan, 100.,  nan,  nan]), 10: array([ nan, 401.,  nan,  nan,  nan,  nan,  nan])}","{1: 6, 2: 6, 3: 6, 4: 6, 5: 6, 6: [], 7: [], 8: 0, 9: 1, 10: 1}","{1: array([201, 167, 134,  67, 134, 134,  67]), 2: array([167, 167, 133, 167, 133,  66, 133]), 3: array([167, 167, 167, 134, 100, 100, 134]), 4: array([201, 167, 167, 167, 134, 134,  67]), 5: array([134, 134, 134, 100, 134, 134]), 6: [], 7: [], 8: array([67]), 9: array([100]), 10: array([133])}",491.3243243243243,4.0,131.86486486486487
54,s4,"{1: array([171, 171, 273, 342, 307, 410, 410]), 2: array([305, 271, 339, 407, 407, 407, 407]), 3: array([403., 302., 302., 335., 335., 369.,  nan]), 4: array([238, 204, 204, 272, 306, 408, 374]), 5: array([304, 338, 338, 473, 439, 473, 473]), 6: array([239, 273, 239, 239, 375, 307, 273]), 7: array([306, 306, 272, 238, 272, 408, 612]), 8: array([381, 416, 312, 312, 485, 416, 416]), 9: array([239, 171, 239, 205, 274, 274, 308]), 10: array([271, 237, 237, 237, 237, 271, 339])}","{1: 6, 2: 6, 3: 6, 4: 6, 5: 6, 6: 6, 7: 6, 8: 6, 9: 6, 10: 7}","{1: array([410, 342, 410, 307, 273, 239, 239]), 2: array([339, 339, 271, 237, 271, 237, 203]), 3: array([403, 403, 403, 335, 268, 235, 167]), 4: array([510, 442, 476, 340, 408, 306, 442, 102]), 5: array([406, 338, 304, 270, 135, 304, 236, 101]), 6: array([512, 444, 444, 341, 410, 444, 239]), 7: array([510, 442, 340, 204, 374, 306, 340]), 8: array([416, 312, 381, 312, 277, 312, 277]), 9: array([411, 411, 308, 274, 376, 308, 205]), 10: array([407, 441, 373, 373, 305, 373, 271, 135])}",318.69565217391306,6.0,331.52054794520546
55,s6,"{1: array([ nan, 267., 300.,  nan, 300., 300., 334.]), 2: array([367.,  nan,  nan, 300., 367., 367., 367.]), 3: array([401, 267, 401, 334, 435, 334, 334]), 4: array([302., 235.,  nan,  nan,  nan,  nan,  nan]), 5: array([435., 468.,  nan, 435.,  nan,  nan, 368.]), 6: array([335., 335.,  nan, 301.,  nan, 368.,  nan]), 7: array([335., 368., 301., 335.,  nan,  nan,  nan]), 8: array([ nan,  nan, 738.,  nan, 201., 268., 335.]), 9: array([ nan, 367.,  nan, 367.,  nan, 267., 301.]), 10: array([473., 304., 338., 372., 304., 406.,  nan])}","{1: 5, 2: 4, 3: 6, 4: 1, 5: 3, 6: 3, 7: 3, 8: 4, 9: 4, 10: 5}","{1: array([200, 100, 200,  66, 100]), 2: array([300, 100, 133,  66,  66,  66]), 3: array([100, 100,  66,  66,  66,  66,  66]), 4: array([168, 168, 100]), 5: array([100,  66,  66,  66]), 6: array([301, 301, 134, 134]), 7: array([167, 134,  67,  67]), 8: array([268, 201, 134, 201]), 9: array([133, 133,  66, 100]), 10: array([270, 203, 169, 135, 135, 101])}",343.5777777777778,3.9,130.10638297872342
56,s117,"{1: array([ 666.,   nan,   nan, 1133.,   nan,   nan,   nan]), 2: array([566.,  nan,  nan,  nan,  nan,  nan,  nan]), 3: array([665.,  nan,  nan, 332.,  nan,  nan,  nan]), 4: array([666.,  nan,  nan,  nan,  nan,  nan,  nan]), 5: array([ 632., 1997.,   nan,   nan,   nan,   nan,   nan]), 6: array([ 600., 1167.,   nan,   nan,  967.,   nan, 1301.]), 7: array([533, 599, 766, 566, 899,  33, 966]), 8: array([ 666., 1199.,  632., 1432.,   nan,  932.,  866.]), 9: array([ 799.,   nan,   99.,  899., 1132.,   nan,  333.]), 10: array([ 499, 1199,  499,  366,  499,  766,  933])}","{1: 1, 2: 0, 3: 1, 4: 0, 5: 1, 6: 3, 7: 8, 8: 6, 9: 4, 10: 7}","{1: array([166, 100, 133]), 2: array([233]), 3: array([199, 166]), 4: array([100]), 5: array([166, 133, 133]), 6: array([433, 200, 166, 200, 166]), 7: array([699, 599, 633, 199, 166, 166,  66, 199, 133, 133]), 8: array([199, 166, 166, 133,  99, 133,  99, 133]), 9: array([233, 166, 199, 166, 133,  66, 133]), 10: array([266, 233, 233, 233, 199, 199, 166, 199])}",762.3243243243244,3.0,175.1875
57,s49,"{1: array([467, 133, 500, 467, 400, 467, 267]), 2: array([500., 500., 433., 166., 200.,  nan, 500.]), 3: array([534, 501, 501, 367, 233, 367, 501]), 4: array([466, 299, 433, 166, 566,  66, 433]), 5: array([433, 533, 366, 533, 166, 266, 533]), 6: array([634, 333, 434, 467, 467, 500, 100]), 7: array([433, 400, 466, 333, 500, 466, 166]), 8: array([467, 467, 166, 467, 467, 133, 500]), 9: array([466, 433, 433, 400, 200, 533, 500]), 10: array([467, 166, 300, 467, 534, 133, 434])}","{1: 6, 2: 6, 3: 6, 4: 6, 5: 6, 6: 6, 7: 6, 8: 7, 9: 6, 10: 6}","{1: array([333, 267, 267, 200, 200, 233, 233, 200]), 2: array([267, 233, 200, 166, 233, 133, 100]), 3: array([233, 233, 200, 200, 167, 133, 167]), 4: array([299, 233, 266, 199, 199, 199, 199, 133]), 5: array([299, 233, 199, 133, 166, 199, 133,  99]), 6: array([300, 233, 200, 166, 200, 200, 133, 100]), 7: array([266, 266, 266, 166, 233, 266, 200]), 8: array([266, 233, 266, 233, 233, 133, 200, 166]), 9: array([266, 266, 233, 200, 266, 166, 166]), 10: array([233, 233, 200, 200, 200, 133, 100])}",394.5507246376812,6.0,207.14666666666668
58,s115,"{1: array([500.,  nan, 968., 500.,  nan,  nan,  nan]), 2: array([ 500., 1970.,  701.,   nan,   nan,   nan,  500.]), 3: array([1034.,   nan,   nan,   nan,   nan,   nan, 1702.]), 4: array([400.,  nan,  nan, 767.,  nan,  nan,  nan]), 5: array([ 465.,   nan, 1065.,   nan,   nan,   nan, 1830.]), 6: array([ 533.,   nan, 1400.,   nan, 1200.,   nan,   nan]), 7: array([ 667.,   nan,   nan,  567., 1135.,   nan, 1635.]), 8: array([433.,  nan,  nan,  nan,  nan,  nan,  nan]), 9: array([  nan,  433.,   33.,   nan, 1468.,   nan,   nan]), 10: array([ 466.,   nan,   nan, 1199.,   nan,   nan, 1599.])}","{1: 3, 2: 3, 3: 1, 4: 1, 5: 3, 6: 2, 7: 3, 8: 0, 9: 5, 10: 2}","{1: array([768, 667, 100, 534, 200]), 2: array([534, 166, 200, 100]), 3: array([600, 133, 166]), 4: array([300, 166, 166]), 5: array([199, 166, 199,  99]), 6: array([200, 133, 133, 133]), 7: array([166, 133, 166, 100]), 8: array([266, 133]), 9: array([467, 233, 166, 200, 133]), 10: array([199, 133,  99])}",918.1071428571429,2.2,222.2972972972973
59,s103,"{1: array([299., 366.,  nan,  nan, 366.,  nan, 333.]), 2: array([630., 664., 365., 431.,  nan, 365., 365.]), 3: array([298, 365, 332, 431, 564, 332, 298]), 4: array([365, 299, 266, 399, 499, 499, 465]), 5: array([565, 532, 332, 299, 532, 299, 365]), 6: array([ 432., 1197.,  798.,   nan,   99.,  598.,  199.]), 7: array([ 365.,   nan,  432.,  531.,  465., 1129.,  398.]), 8: array([ nan,  nan,  nan,  nan,  nan, 265., 531.]), 9: array([332, 597, 564, 863, 332, 597, 464]), 10: array([ nan,  nan, 530., 431.,  nan,  nan, 431.])}","{1: 3, 2: 5, 3: 6, 4: 6, 5: 6, 6: 5, 7: 6, 8: 2, 9: 6, 10: 4}","{1: array([299, 166, 266, 166]), 2: array([664, 597, 531, 166, 498, 166,  99]), 3: array([664, 664, 498, 531, 597, 365, 166,  99]), 4: array([565, 399, 399, 399, 199, 133, 133]), 5: array([532, 598, 465, 465, 332, 432, 432,  99, 432]), 6: array([432, 266, 432, 166, 166,  66, 332, 166]), 7: array([830, 631, 432, 564, 631, 398, 166]), 8: array([598, 232,  66, 166]), 9: array([630, 498, 431, 431, 166, 298,  99, 132]), 10: array([564, 199, 331, 165, 132])}",435.6727272727273,5.0,358.089552238806
60,s102,"{1: array([673, 538, 370, 437, 437, 437, 505]), 2: array([572, 437, 505, 505, 505, 572, 505]), 3: array([470, 436, 470, 503, 537, 537, 470]), 4: array([605, 504, 538, 470, 504, 504, 470]), 5: array([504, 470, 437, 403, 504, 538, 403]), 6: array([ nan, 706., 538., 504., 504., 471., 504.]), 7: array([504., 672., 605., 571., 470.,  nan, 639.]), 8: array([639, 437, 639, 774, 505, 505, 572]), 9: array([438., 471.,  nan, 505., 539., 572., 438.]), 10: array([775, 606, 539, 539, 505, 573, 505])}","{1: 6, 2: 6, 3: 6, 4: 6, 5: 6, 6: 6, 7: 5, 8: 6, 9: 5, 10: 6}","{1: array([336, 269, 303, 202, 269, 303, 202]), 2: array([303, 202, 269, 202, 168, 235, 202]), 3: array([235, 201, 201, 167, 167, 167, 201]), 4: array([235, 134, 168, 134, 134,  67, 168]), 5: array([336, 336, 302, 269, 269, 168, 269]), 6: array([269, 201, 235, 168, 134, 134]), 7: array([302, 269, 134, 134, 269, 134, 134]), 8: array([538, 303, 303, 235, 235, 202, 235]), 9: array([303, 269, 202, 202, 269, 101,  67]), 10: array([337, 235, 235, 202, 134, 134, 202])}",518.955223880597,5.8,218.14492753623188
61,s32,"{1: array([233, 233, 300, 100, 233, 333, 300]), 2: array([433, 267, 267, 267, 267, 267, 333]), 3: array([399, 266, 133, 233, 199, 233, 266]), 4: array([400.,  nan, 267., 233., 267., 267., 233.]), 5: array([367, 267, 267, 267, 267, 333, 300]), 6: array([ 300., 1668.,   nan,  233.,  266.,  300.,   33.]), 7: array([366, 333, 266, 266, 300, 300, 266]), 8: array([400., 267., 200., 300., 267., 768.,  nan]), 9: array([266., 300.,  nan, 233., 266., 233., 266.]), 10: array([ nan, 300., 233., 300., 333., 366., 533.])}","{1: 6, 2: 6, 3: 7, 4: 5, 5: 6, 6: 5, 7: 6, 8: 6, 9: 6, 10: 6}","{1: array([266, 233, 200, 133, 166, 200, 166]), 2: array([233, 200, 200, 200, 133, 200, 200, 166]), 3: array([466, 299, 266, 199, 233, 233, 199, 199, 166, 199]), 4: array([300, 200, 200, 133, 166, 133, 133]), 5: array([200, 200, 200, 166, 166, 133, 200, 133]), 6: array([533, 333, 200, 233, 200, 200, 100, 166]), 7: array([200, 200, 166, 200, 166, 133, 166]), 8: array([267, 200, 200, 200, 167, 133, 167]), 9: array([200, 200, 166, 200, 200, 100, 166]), 10: array([333, 200, 166, 166, 166,  66, 166])}",287.95384615384614,5.8,190.8815789473684
62,s44,"{1: array([301, 234, 436, 234,  67, 234, 301]), 2: array([703., 234., 268.,  67.,  nan, 335., 268.]), 3: array([368., 268.,  67.,  nan, 301., 234., 100.]), 4: array([704, 637, 268, 268, 502, 603, 536]), 5: array([638., 302., 268.,  33., 201., 268.,  nan]), 6: array([ nan, 302., 302., 436., 302., 335., 637.]), 7: array([602, 602, 602, 636, 636, 669, 669]), 8: array([335.,  nan, 335., 301., 301., 335., 670.]), 9: array([ nan, 134.,  nan, 302., 302.,  nan,  nan]), 10: array([503., 369.,  nan, 335., 369.,  nan, 335.])}","{1: 6, 2: 6, 3: 6, 4: 6, 5: 6, 6: 6, 7: 6, 8: 5, 9: 4, 10: 5}","{1: array([268, 201, 167, 167, 167, 134, 100, 100]), 2: array([335, 268, 301, 201, 134, 167, 201, 167]), 3: array([301, 335, 201, 268, 201, 134, 167, 134]), 4: array([268, 234, 234, 234, 201, 167, 201]), 5: array([470, 302, 402, 235, 201, 302, 201, 167, 167]), 6: array([268, 167, 134, 134, 167, 100]), 7: array([234, 234, 200, 234, 167, 200, 167]), 8: array([167, 134, 134, 134,  67, 100]), 9: array([269, 168, 134, 168]), 10: array([234, 167, 201, 167, 134, 134])}",373.135593220339,5.7,196.8985507246377
